production,tradeGain,robberCardsGain,totalGain,tradeLoss,robberCardsLoss,tribute,totalLoss,totalAvailable,settlement1_dice1,settlement1_dice2,settlement1_dice3,settlement2_dice1,settlement2_dice2,settlement2_dice3,num_lumber,num_wheat,num_clay,num_sheep,num_ore,num_3G,num_2(X),num_D,2,3,4,5,6,7,8,9,10,11,12,winner
38,5,2,47,10,2,4,16,29,6,3,11,9,10,11,2,1,2,0,1,0,0,0,1,3,5,8,7,10,6,7,3,4,1,0
48,8,6,62,11,1,8,19,42,5,8,10,4,5,11,1,2,0,1,2,0,0,0,1,3,5,8,7,10,6,7,3,4,1,0
44,14,9,66,24,4,1,27,38,5,6,12,8,4,3,0,1,1,3,1,0,0,0,1,3,5,8,7,10,6,7,3,4,1,1
43,12,0,52,24,6,0,29,24,6,9,3,4,8,10,4,0,0,1,1,0,0,0,1,3,5,8,7,10,6,7,3,4,1,0
60,15,16,89,29,10,0,38,53,6,9,10,8,10,0,2,2,0,0,2,0,1,0,1,6,3,9,10,8,14,9,3,3,3,1
57,12,1,68,27,6,8,40,29,5,8,10,8,4,3,1,2,1,1,1,0,0,0,1,6,3,9,10,8,14,9,3,3,3,0
45,10,8,62,17,6,8,32,30,5,6,11,5,9,10,1,2,2,0,1,0,0,0,1,6,3,9,10,8,14,9,3,3,3,0
62,16,11,89,25,6,4,33,53,4,9,11,6,4,3,1,1,2,1,1,0,0,0,1,6,3,9,10,8,14,9,3,3,3,0
44,5,5,52,11,1,9,20,34,5,4,10,6,3,11,3,1,1,1,0,0,0,0,0,3,3,10,10,4,5,5,6,3,1,0
41,4,9,55,7,3,0,10,43,5,8,10,4,9,11,1,2,1,1,1,0,0,0,0,3,3,10,10,4,5,5,6,3,1,1
47,6,5,58,10,7,0,17,41,6,9,3,8,10,0,1,1,1,1,1,1,0,0,0,3,3,10,10,4,5,5,6,3,1,0
53,2,2,57,5,4,8,16,40,5,6,11,8,4,3,2,1,1,1,1,0,0,0,0,3,3,10,10,4,5,5,6,3,1,0
64,15,12,93,22,5,12,40,51,5,6,11,8,3,0,1,0,2,1,1,1,0,0,1,6,5,12,14,20,12,11,4,2,3,0
96,21,15,134,47,15,10,71,61,6,9,3,5,8,10,1,1,2,2,0,0,0,0,1,6,5,12,14,20,12,11,4,2,3,1
60,19,7,86,33,5,0,38,48,9,10,11,4,8,10,1,2,1,1,1,0,0,0,1,6,5,12,14,20,12,11,4,2,3,0
75,11,8,93,37,19,0,56,38,5,9,10,8,4,3,1,1,1,2,1,0,0,0,1,6,5,12,14,20,12,11,4,2,3,0
69,17,5,90,33,11,0,45,49,6,9,10,8,10,0,1,1,0,3,1,0,1,0,1,3,7,9,12,14,9,9,3,2,1,0
56,4,16,75,14,6,4,25,51,5,6,11,5,9,10,2,1,0,1,2,0,0,0,1,3,7,9,12,14,9,9,3,2,1,1
29,2,7,39,5,4,4,13,26,6,4,3,9,11,0,1,1,1,1,1,0,0,1,1,3,7,9,12,14,9,9,3,2,1,0
47,4,5,56,5,10,9,24,32,5,8,10,4,9,2,2,0,2,0,2,0,0,0,1,3,7,9,12,14,9,9,3,2,1,0
49,6,3,57,13,1,0,13,43,5,8,10,6,3,12,1,2,1,1,1,0,0,0,0,4,6,6,8,4,8,6,4,2,0,0
35,7,2,44,14,3,0,17,28,5,6,11,8,10,0,1,1,1,1,1,1,0,0,0,4,6,6,8,4,8,6,4,2,0,0
35,2,1,38,6,1,3,11,27,6,9,10,4,9,11,1,2,1,2,0,0,0,0,0,4,6,6,8,4,8,6,4,2,0,0
55,7,9,71,18,2,4,25,48,5,9,10,6,4,3,1,1,2,1,1,0,0,0,0,4,6,6,8,4,8,6,4,2,0,1
43,9,13,65,18,6,1,24,40,5,8,10,9,10,11,1,2,2,1,0,0,0,0,2,4,5,5,5,9,5,3,6,4,1,1
31,5,11,47,14,1,0,15,32,4,5,11,6,9,3,1,2,1,1,1,0,0,0,2,4,5,5,5,9,5,3,6,4,1,0
30,1,4,35,4,11,0,16,21,5,6,9,8,4,3,0,2,1,1,2,0,0,0,2,4,5,5,5,9,5,3,6,4,1,0
30,5,5,41,10,9,0,19,21,6,3,11,5,8,10,1,1,0,3,1,0,0,0,2,4,5,5,5,9,5,3,6,4,1,0
48,6,1,55,11,9,0,19,37,4,6,9,8,4,3,2,1,1,1,1,0,0,0,3,0,4,7,6,9,8,8,2,4,3,0
61,10,10,80,16,2,4,22,57,5,6,9,4,5,11,1,1,0,2,2,0,0,0,3,0,4,7,6,9,8,8,2,4,3,1
41,12,2,56,13,3,4,19,35,5,8,10,4,11,0,1,1,1,0,3,0,1,0,3,0,4,7,6,9,8,8,2,4,3,0
49,7,6,61,13,2,5,21,40,5,9,10,8,4,3,1,2,1,1,1,0,0,0,3,0,4,7,6,9,8,8,2,4,3,0
58,8,7,74,13,5,13,31,42,8,4,3,5,10,0,2,2,0,0,1,0,0,1,3,4,8,8,11,23,12,3,5,3,4,0
86,14,5,105,32,10,8,50,55,4,8,10,6,4,11,2,0,1,1,2,0,0,0,3,4,8,8,11,23,12,3,5,3,4,0
62,18,9,87,37,5,0,41,45,6,9,3,5,9,10,1,1,2,2,0,0,0,0,3,4,8,8,11,23,12,3,5,3,4,0
60,7,9,77,11,7,11,28,48,5,6,11,9,10,2,2,1,2,1,0,0,0,0,3,4,8,8,11,23,12,3,5,3,4,1
92,16,14,121,38,7,8,54,69,5,8,10,4,9,11,2,1,1,2,0,0,0,0,2,8,10,7,14,18,10,15,7,6,2,0
69,17,17,105,31,7,12,50,55,6,9,2,6,9,12,1,2,1,0,2,0,0,0,2,8,10,7,14,18,10,15,7,6,2,0
91,9,14,115,26,21,9,57,60,6,4,3,5,6,11,1,1,1,2,1,0,0,0,2,8,10,7,14,18,10,15,7,6,2,1
84,12,11,107,19,9,8,37,70,5,9,10,8,4,3,2,1,1,1,1,0,0,0,2,8,10,7,14,18,10,15,7,6,2,0
50,6,2,57,16,4,4,22,34,5,8,10,4,9,11,1,1,1,2,1,0,0,0,1,2,4,9,14,14,6,8,4,3,2,0
34,5,5,42,16,0,8,24,21,6,3,11,8,4,3,0,2,1,2,1,0,0,0,1,2,4,9,14,14,6,8,4,3,2,0
71,8,3,81,17,12,12,42,40,6,9,3,5,9,10,2,1,2,1,0,0,0,0,1,2,4,9,14,14,6,8,4,3,2,1
38,4,6,48,10,0,13,23,25,4,8,10,9,10,2,1,1,1,2,1,0,0,0,1,2,4,9,14,14,6,8,4,3,2,0
45,9,3,58,17,8,5,30,29,6,3,11,3,10,11,1,0,2,0,3,0,0,0,1,6,4,6,10,13,8,5,6,3,2,0
38,6,10,54,12,7,4,22,32,5,9,10,9,10,2,1,1,2,2,0,0,0,0,1,6,4,6,10,13,8,5,6,3,2,0
56,16,2,76,34,2,10,46,28,5,8,10,6,9,3,1,3,1,0,1,0,0,0,1,6,4,6,10,13,8,5,6,3,2,0
60,14,14,86,19,2,24,46,42,4,8,10,5,6,11,0,1,2,2,1,0,0,0,1,6,4,6,10,13,8,5,6,3,2,1
43,5,2,51,9,4,11,24,26,5,8,10,3,4,11,1,1,1,2,1,0,0,0,4,3,6,7,3,9,7,8,4,4,1,0
38,4,1,44,10,2,4,16,28,6,4,3,8,4,0,1,2,1,0,1,1,0,0,4,3,6,7,3,9,7,8,4,4,1,0
25,5,4,33,11,1,0,13,21,6,9,10,3,11,0,1,2,1,1,0,0,0,1,4,3,6,7,3,9,7,8,4,4,1,0
59,15,5,81,27,5,0,32,48,5,9,10,8,10,11,2,1,3,0,0,0,0,0,4,3,6,7,3,9,7,8,4,4,1,1
52,9,8,69,11,7,17,35,35,5,8,10,6,3,11,0,2,3,0,1,0,0,0,4,5,3,13,12,13,4,10,6,4,4,0
92,4,6,103,10,19,10,38,63,5,6,11,9,10,2,1,1,1,1,2,0,0,0,4,5,3,13,12,13,4,10,6,4,4,1
51,13,5,68,25,2,4,31,37,6,9,3,8,4,3,2,3,0,1,0,0,0,0,4,5,3,13,12,13,4,10,6,4,4,0
56,18,17,89,34,2,4,40,52,5,9,10,4,8,10,2,0,0,2,2,0,0,0,4,5,3,13,12,13,4,10,6,4,4,0
60,9,0,71,11,6,4,20,49,8,4,3,4,9,11,2,2,1,0,1,0,0,0,1,4,6,7,7,5,6,7,5,7,1,0
59,4,1,64,10,2,3,17,49,5,8,10,8,4,3,1,1,1,2,1,0,0,0,1,4,6,7,7,5,6,7,5,7,1,0
37,5,6,48,12,0,9,21,27,5,9,10,6,2,0,0,2,1,1,2,0,1,0,1,4,6,7,7,5,6,7,5,7,1,0
52,7,8,66,6,1,15,20,45,6,9,3,5,6,11,1,1,1,2,1,0,0,0,1,4,6,7,7,5,6,7,5,7,1,1
47,15,1,63,29,0,0,30,34,5,6,9,8,10,0,1,2,0,1,1,0,0,1,1,1,1,7,12,5,11,6,1,4,1,0
64,14,4,83,31,4,0,35,47,5,8,4,6,3,11,2,1,1,1,1,0,0,0,1,1,1,7,12,5,11,6,1,4,1,1
46,11,3,62,18,1,0,19,42,5,9,10,6,11,12,1,0,1,2,2,0,0,0,1,1,1,7,12,5,11,6,1,4,1,0
45,12,2,58,15,5,0,21,38,8,4,3,4,6,9,1,2,1,1,1,0,0,0,1,1,1,7,12,5,11,6,1,4,1,0
34,4,7,45,9,4,0,13,31,4,6,11,6,2,0,0,3,0,1,2,0,1,0,1,5,7,11,8,14,6,7,10,1,2,0
52,4,10,63,10,5,12,27,37,5,6,11,5,10,2,1,2,0,1,2,0,0,0,1,5,7,11,8,14,6,7,10,1,2,0
47,5,2,55,9,9,4,22,32,4,8,10,6,9,3,1,2,2,1,0,0,0,0,1,5,7,11,8,14,6,7,10,1,2,0
64,10,15,89,25,10,9,43,44,5,9,10,9,10,11,1,2,1,1,1,0,0,0,1,5,7,11,8,14,6,7,10,1,2,1
59,6,4,69,22,5,8,34,35,4,8,10,9,10,2,0,1,1,2,2,0,0,0,0,2,5,6,11,8,18,10,7,4,1,0
55,7,5,67,22,3,0,26,42,5,8,10,6,3,11,1,1,2,1,1,0,0,0,0,2,5,6,11,8,18,10,7,4,1,0
47,12,2,60,23,2,0,25,38,8,4,0,5,6,12,1,1,1,3,0,0,1,0,0,2,5,6,11,8,18,10,7,4,1,0
74,17,15,105,43,8,0,50,56,6,9,3,5,9,10,2,1,1,1,1,0,0,0,0,2,5,6,11,8,18,10,7,4,1,1
52,7,6,65,8,5,10,22,41,5,9,10,3,10,11,1,2,1,0,2,0,0,0,0,3,3,6,12,7,8,4,8,1,1,1
38,3,4,45,8,5,0,13,30,5,8,10,4,9,11,1,1,1,2,1,0,0,0,0,3,3,6,12,7,8,4,8,1,1,0
39,9,5,56,24,3,0,26,28,6,9,3,8,4,3,2,1,1,1,1,0,0,0,0,3,3,6,12,7,8,4,8,1,1,0
54,5,3,62,19,1,4,24,36,4,8,10,5,6,11,0,2,1,2,1,0,0,0,0,3,3,6,12,7,8,4,8,1,1,0
57,16,9,80,29,6,6,41,39,4,8,10,3,10,11,1,2,1,2,0,0,0,0,4,3,6,1,8,12,18,11,2,5,0,0
78,17,13,108,36,5,12,51,56,6,9,3,5,6,11,1,1,1,2,1,0,0,0,4,3,6,1,8,12,18,11,2,5,0,1
79,11,1,89,29,11,4,45,46,8,4,3,9,10,2,2,1,1,0,2,0,0,0,4,3,6,1,8,12,18,11,2,5,0,0
39,3,4,47,8,2,4,14,35,5,8,10,5,9,10,2,2,2,0,0,0,0,0,4,3,6,1,8,12,18,11,2,5,0,0
59,14,0,74,28,1,0,30,45,5,9,10,3,9,11,0,2,2,1,1,0,0,0,1,3,3,5,4,4,5,7,5,5,1,0
22,13,2,39,16,1,0,15,22,8,10,3,6,2,0,2,0,0,2,1,1,0,0,1,3,3,5,4,4,5,7,5,5,1,0
57,7,3,65,12,3,0,15,52,5,9,10,5,6,11,1,2,1,0,2,0,0,0,1,3,3,5,4,4,5,7,5,5,1,1
28,6,1,34,9,1,0,11,25,6,4,3,8,4,3,1,2,1,2,0,0,0,0,1,3,3,5,4,4,5,7,5,5,1,0
61,11,5,78,18,4,8,30,48,8,4,0,5,9,10,2,1,1,1,0,1,0,0,2,3,4,8,5,6,9,11,4,6,0,0
50,8,10,68,12,3,4,19,49,5,8,10,6,3,12,1,1,1,2,1,0,0,0,2,3,4,8,5,6,9,11,4,6,0,1
44,9,2,53,16,3,5,23,31,5,6,11,8,10,0,0,0,2,2,2,0,1,0,2,3,4,8,5,6,9,11,4,6,0,0
43,6,0,49,15,7,4,26,24,6,4,3,6,9,10,1,2,1,1,1,0,0,0,2,3,4,8,5,6,9,11,4,6,0,0
28,8,5,41,14,3,0,18,24,5,6,11,5,0,0,1,0,1,0,3,0,1,0,3,5,8,8,5,18,4,9,8,2,1,0
44,3,13,60,2,10,13,26,34,5,8,10,4,9,11,2,1,1,0,2,0,0,0,3,5,8,8,5,18,4,9,8,2,1,0
65,12,8,86,25,7,8,40,45,5,9,10,8,4,3,2,2,1,1,0,0,0,0,3,5,8,8,5,18,4,9,8,2,1,1
56,8,4,66,19,5,0,24,41,6,9,3,3,4,11,1,1,1,3,0,0,0,0,3,5,8,8,5,18,4,9,8,2,1,0
57,17,4,79,22,3,14,38,40,8,10,3,3,9,11,1,0,1,3,1,0,0,0,0,1,0,12,8,14,14,11,4,2,3,1
34,11,8,53,17,2,0,18,35,9,4,2,6,4,11,2,1,2,0,1,0,0,0,0,1,0,12,8,14,14,11,4,2,3,0
64,17,4,85,31,6,8,47,38,6,4,3,5,8,10,1,2,0,1,2,0,0,0,0,1,0,12,8,14,14,11,4,2,3,0
59,11,3,74,28,8,4,39,34,4,5,11,5,9,10,2,1,1,1,1,0,0,0,0,1,0,12,8,14,14,11,4,2,3,0
50,4,9,63,3,14,4,20,41,5,8,10,4,9,2,2,1,1,1,1,0,0,0,3,3,5,7,10,16,13,8,5,7,2,0
59,10,5,76,25,6,5,36,37,6,4,3,8,10,0,1,2,1,1,0,0,0,1,3,3,5,7,10,16,13,8,5,7,2,0
61,9,20,91,28,6,0,33,56,6,9,10,8,3,0,1,2,1,1,0,0,0,0,3,3,5,7,10,16,13,8,5,7,2,1
73,14,6,93,32,4,18,54,39,5,9,10,5,6,11,1,0,2,1,2,0,0,0,3,3,5,7,10,16,13,8,5,7,2,0
53,10,6,71,22,3,0,25,45,6,9,3,8,4,3,1,1,1,1,2,0,0,0,3,7,4,6,9,7,6,4,1,0,2,1
46,6,3,55,9,6,0,14,39,5,6,9,5,8,10,2,2,1,1,0,0,0,0,3,7,4,6,9,7,6,4,1,0,2,0
19,3,3,26,7,0,4,10,13,9,10,11,6,11,12,1,1,2,0,2,0,0,0,3,7,4,6,9,7,6,4,1,0,2,0
29,6,3,39,11,0,4,15,24,5,8,10,6,2,0,1,1,1,3,0,0,1,0,3,7,4,6,9,7,6,4,1,0,2,0
62,9,10,81,16,13,0,29,51,6,9,3,4,9,11,0,2,2,1,1,0,0,0,2,5,6,8,6,9,8,9,6,3,1,0
47,8,4,59,16,7,0,22,37,6,11,3,5,8,10,2,1,1,1,1,0,0,0,2,5,6,8,6,9,8,9,6,3,1,0
64,12,16,89,27,3,10,39,52,4,8,10,5,6,11,0,1,2,2,1,0,0,0,2,5,6,8,6,9,8,9,6,3,1,1
38,10,2,49,18,5,5,27,22,9,10,0,8,4,3,3,1,0,2,0,0,1,0,2,5,6,8,6,9,8,9,6,3,1,0
35,9,8,51,13,0,4,18,34,5,8,10,9,10,0,2,1,1,1,1,0,1,0,0,3,4,5,10,8,13,5,3,4,7,0
50,3,3,56,7,6,4,18,38,5,6,9,8,4,3,2,1,1,1,1,0,0,0,0,3,4,5,10,8,13,5,3,4,7,1
61,13,4,81,25,3,9,37,42,5,8,10,6,11,12,1,1,1,2,1,0,0,0,0,3,4,5,10,8,13,5,3,4,7,0
35,12,0,49,22,2,0,23,24,6,2,0,4,9,11,1,3,0,1,1,0,1,0,0,3,4,5,10,8,13,5,3,4,7,0
24,6,2,33,13,0,0,13,19,8,4,3,9,12,0,0,2,0,1,3,0,1,0,1,2,2,9,4,10,7,6,6,3,1,0
38,2,3,41,8,4,3,16,25,5,9,10,4,9,11,3,1,1,1,0,0,0,0,1,2,2,9,4,10,7,6,6,3,1,0
46,7,6,57,13,3,4,20,38,8,10,0,5,6,11,1,1,0,3,1,0,1,0,1,2,2,9,4,10,7,6,6,3,1,1
37,4,3,43,8,5,0,14,31,6,9,3,4,8,10,2,1,1,1,1,0,0,0,1,2,2,9,4,10,7,6,6,3,1,0
58,7,6,70,14,6,6,24,47,4,8,10,9,10,11,1,2,1,1,1,0,0,0,3,6,7,8,16,10,16,5,4,3,1,0
49,6,3,58,21,2,1,25,35,5,9,10,6,3,11,2,1,1,2,0,0,0,0,3,6,7,8,16,10,16,5,4,3,1,0
76,9,8,92,28,2,12,42,51,4,9,3,5,6,12,1,1,1,2,1,0,0,0,3,6,7,8,16,10,16,5,4,3,1,1
88,19,2,108,45,5,12,62,47,6,3,0,8,4,3,3,0,0,2,1,0,1,0,3,6,7,8,16,10,16,5,4,3,1,0
43,14,18,72,24,4,5,33,42,5,6,9,5,8,10,0,3,0,2,1,0,0,0,3,9,6,5,8,9,6,5,3,2,5,1
58,6,1,67,18,9,4,30,36,8,4,3,6,9,3,1,1,2,0,2,0,0,0,3,9,6,5,8,9,6,5,3,2,5,0
40,3,3,44,9,3,0,13,33,4,8,10,9,10,2,1,1,1,2,1,0,0,0,3,9,6,5,8,9,6,5,3,2,5,0
42,1,6,50,3,12,9,23,27,6,3,11,4,9,11,1,2,1,0,2,0,0,0,3,9,6,5,8,9,6,5,3,2,5,0
52,6,15,75,21,9,4,34,39,6,9,10,4,9,11,0,2,0,2,2,0,0,0,2,7,5,7,9,12,7,8,8,8,1,0
67,14,8,86,39,7,0,47,41,5,6,11,6,4,3,2,1,0,2,1,0,0,0,2,7,5,7,9,12,7,8,8,8,1,1
55,4,15,72,16,10,0,26,49,8,4,3,5,9,10,1,2,2,1,0,0,0,0,2,7,5,7,9,12,7,8,8,8,1,0
55,6,9,70,16,11,0,28,43,5,8,10,8,10,0,2,2,1,1,0,0,1,0,2,7,5,7,9,12,7,8,8,8,1,0
44,8,6,59,20,3,4,27,31,6,9,10,8,4,0,2,1,2,0,1,0,1,0,0,3,6,8,10,19,16,9,2,5,2,0
34,7,15,58,16,3,-1,20,36,5,9,10,6,3,12,1,1,1,2,1,0,0,0,0,3,6,8,10,19,16,9,2,5,2,0
69,6,4,79,12,16,16,44,37,5,8,10,6,4,3,2,1,1,2,0,0,0,0,0,3,6,8,10,19,16,9,2,5,2,0
62,10,8,80,21,11,6,37,41,8,10,0,5,6,11,0,1,1,1,2,0,0,1,0,3,6,8,10,19,16,9,2,5,2,1
28,3,6,38,6,2,3,12,27,6,4,3,4,11,0,1,1,1,1,1,0,0,1,4,5,2,8,10,14,8,9,6,6,0,0
68,5,18,91,17,4,30,51,41,6,9,10,5,10,9,0,2,0,3,1,0,0,0,4,5,2,8,10,14,8,9,6,6,0,0
51,5,8,68,6,7,13,26,39,5,6,11,8,10,3,2,1,1,1,1,0,0,0,4,5,2,8,10,14,8,9,6,6,0,0
83,9,6,96,24,15,9,48,49,5,8,10,4,9,11,2,1,1,1,1,0,0,0,4,5,2,8,10,14,8,9,6,6,0,1
36,10,2,49,22,0,8,29,19,5,9,10,6,3,11,2,0,0,2,2,0,0,0,2,6,5,10,8,10,6,3,5,3,0,0
71,12,8,91,23,5,5,33,59,5,8,10,6,9,3,0,3,1,1,1,0,0,0,2,6,5,10,8,10,6,3,5,3,0,1
35,2,7,44,5,4,0,9,34,8,4,3,9,10,11,1,2,1,1,1,0,0,0,2,6,5,10,8,10,6,3,5,3,0,0
50,4,5,60,9,7,5,21,38,4,8,10,5,6,11,2,1,2,1,0,0,0,0,2,6,5,10,8,10,6,3,5,3,0,0
31,16,1,48,21,3,4,29,20,5,6,9,6,3,11,1,2,0,2,1,0,0,0,1,2,1,9,5,2,9,5,2,1,1,0
42,9,0,50,10,4,0,15,35,5,8,4,8,4,3,2,2,1,0,1,0,0,0,1,2,1,9,5,2,9,5,2,1,1,1
45,11,2,59,20,0,0,21,39,5,8,10,9,10,0,1,1,3,0,1,0,1,0,1,2,1,9,5,2,9,5,2,1,1,0
23,10,5,38,13,1,0,15,24,6,9,3,4,9,11,0,1,1,3,1,0,0,0,1,2,1,9,5,2,9,5,2,1,1,0
55,9,11,76,19,5,0,23,53,5,9,10,3,9,11,0,2,1,1,2,0,0,0,1,3,7,6,15,6,13,8,3,5,4,0
70,7,6,82,20,8,5,33,50,5,9,10,5,6,12,2,1,1,1,1,0,0,0,1,3,7,6,15,6,13,8,3,5,4,0
82,5,16,105,14,13,-1,28,77,6,4,3,4,5,11,1,1,1,1,2,0,0,0,1,3,7,6,15,6,13,8,3,5,4,1
54,12,3,70,17,1,0,17,51,8,10,0,4,8,10,1,2,1,1,0,1,0,0,1,3,7,6,15,6,13,8,3,5,4,0
46,4,8,59,13,0,4,16,41,5,9,10,8,4,3,1,1,1,2,1,0,0,0,2,2,4,7,10,17,8,4,9,7,1,0
55,11,9,75,24,4,5,32,43,5,8,10,8,4,3,1,3,1,1,0,0,0,0,2,2,4,7,10,17,8,4,9,7,1,0
72,17,4,91,31,9,0,40,52,5,6,9,6,2,0,3,0,1,1,1,0,1,0,2,2,4,7,10,17,8,4,9,7,1,1
68,8,3,80,14,5,10,30,50,6,9,4,6,3,11,2,1,1,1,1,0,0,0,2,2,4,7,10,17,8,4,9,7,1,0
49,4,4,57,11,4,13,28,30,5,8,10,6,2,0,0,1,1,1,2,1,0,0,6,2,3,10,7,11,9,5,2,1,2,0
43,4,18,64,7,9,5,20,45,5,6,9,8,4,3,1,2,1,2,0,0,0,0,6,2,3,10,7,11,9,5,2,1,2,1
19,4,0,22,8,3,4,15,8,4,9,11,6,3,11,1,3,1,0,1,0,0,0,6,2,3,10,7,11,9,5,2,1,2,0
38,7,8,55,13,6,-1,19,34,6,9,3,5,8,10,2,0,2,1,1,0,0,0,6,2,3,10,7,11,9,5,2,1,2,0
39,5,9,50,13,2,4,20,32,5,9,10,6,2,0,1,0,2,2,1,0,1,0,1,3,5,8,7,9,9,14,5,2,1,0
68,11,16,98,31,5,14,49,47,6,4,3,6,9,10,1,2,1,0,2,0,0,0,1,3,5,8,7,9,9,14,5,2,1,0
59,6,2,69,18,11,8,37,31,9,4,2,3,9,11,1,1,2,1,1,0,0,0,1,3,5,8,7,9,9,14,5,2,1,0
68,3,4,74,12,9,9,30,44,8,4,3,5,8,10,1,2,2,0,1,0,0,0,1,3,5,8,7,9,9,14,5,2,1,1
52,8,3,64,18,2,5,25,39,6,9,3,6,3,11,3,1,2,0,0,0,0,0,0,5,6,7,7,13,4,10,11,2,2,0
39,2,10,50,8,11,4,23,26,5,6,9,4,5,11,1,1,1,1,2,0,0,0,0,5,6,7,7,13,4,10,11,2,2,0
60,11,16,86,17,8,9,34,51,9,10,0,5,8,10,0,1,0,4,1,0,1,0,0,5,6,7,7,13,4,10,11,2,2,1
53,6,3,64,13,8,0,22,42,5,10,0,8,4,3,1,1,1,0,2,0,0,1,0,5,6,7,7,13,4,10,11,2,2,0
52,7,3,62,14,10,4,28,33,5,6,11,9,4,2,1,1,1,2,1,0,0,0,4,2,4,2,8,14,10,8,5,5,0,0
67,5,12,84,11,8,16,36,49,5,9,10,6,4,11,2,1,1,0,2,0,0,0,4,2,4,2,8,14,10,8,5,5,0,1
55,4,3,61,5,5,8,18,42,5,9,10,3,9,11,1,1,1,1,2,0,0,0,4,2,4,2,8,14,10,8,5,5,0,0
41,7,7,54,16,0,8,24,31,8,10,0,8,10,0,0,3,0,0,1,1,0,1,4,2,4,2,8,14,10,8,5,5,0,0
60,15,5,80,24,4,5,33,47,4,8,10,6,2,0,2,1,1,1,0,1,0,0,1,0,4,8,11,10,6,5,8,4,0,1
46,13,9,70,21,4,9,34,36,5,8,10,6,4,3,0,2,1,2,1,0,0,0,1,0,4,8,11,10,6,5,8,4,0,0
70,11,5,88,26,8,8,41,46,5,6,11,9,10,11,0,2,0,1,3,0,0,0,1,0,4,8,11,10,6,5,8,4,0,0
30,7,9,44,9,0,14,24,23,6,11,12,6,9,3,2,2,1,1,0,0,0,0,1,0,4,8,11,10,6,5,8,4,0,0
86,17,12,116,43,15,4,61,52,5,6,9,6,3,11,0,1,1,2,2,0,0,0,4,5,6,5,12,20,10,11,11,2,5,0
47,9,16,72,16,8,8,32,39,8,4,3,9,10,11,2,1,1,1,1,0,0,0,4,5,6,5,12,20,10,11,11,2,5,0
77,19,7,103,48,8,4,60,43,6,9,3,5,8,10,3,1,0,1,1,0,0,0,4,5,6,5,12,20,10,11,11,2,5,1
57,13,4,73,28,0,4,33,39,8,4,3,4,5,11,2,1,1,1,1,0,0,0,4,5,6,5,12,20,10,11,11,2,5,0
46,10,2,59,26,4,0,28,30,5,8,10,9,10,2,2,0,1,1,2,0,0,0,0,3,3,7,6,7,6,5,8,1,4,0
56,7,11,74,15,8,0,24,50,5,8,10,4,9,11,1,1,1,1,2,0,0,0,0,3,3,7,6,7,6,5,8,1,4,1
26,4,5,34,4,0,3,8,27,8,4,3,6,3,11,0,2,0,2,2,0,0,0,0,3,3,7,6,7,6,5,8,1,4,0
49,2,4,53,6,4,6,15,37,5,6,9,8,4,3,1,2,1,2,0,0,0,0,0,3,3,7,6,7,6,5,8,1,4,0
36,6,6,47,11,6,0,17,30,5,8,10,8,4,0,0,2,1,1,1,1,0,0,3,6,5,9,13,14,4,10,3,2,2,0
52,8,4,64,18,7,4,29,36,5,9,10,6,11,0,1,1,1,1,1,0,0,1,3,6,5,9,13,14,4,10,3,2,2,0
45,9,10,64,14,4,0,18,47,4,9,11,9,10,0,0,2,0,3,1,0,1,0,3,6,5,9,13,14,4,10,3,2,2,1
70,7,6,84,15,3,33,50,33,6,4,3,6,4,3,2,0,1,2,1,0,0,0,3,6,5,9,13,14,4,10,3,2,2,0
32,12,2,47,24,1,0,24,22,5,9,10,8,4,0,0,2,2,0,2,0,1,0,1,4,5,6,11,5,11,4,2,1,0,0
62,7,11,80,19,4,0,23,57,8,10,0,8,10,3,1,1,0,1,2,0,0,1,1,4,5,6,11,5,11,4,2,1,0,1
43,6,4,54,13,2,5,21,32,5,6,11,4,9,2,2,1,1,1,1,0,0,0,1,4,5,6,11,5,11,4,2,1,0,0
37,7,0,45,16,2,4,21,22,5,9,10,6,4,3,2,2,1,1,0,0,0,0,1,4,5,6,11,5,11,4,2,1,0,0
71,9,13,93,23,8,4,35,59,5,8,10,8,4,3,0,1,1,2,2,0,0,0,0,6,7,7,10,6,8,8,5,1,3,1
66,10,1,78,28,9,0,37,42,5,6,9,6,3,11,1,3,0,1,1,0,0,0,0,6,7,7,10,6,8,8,5,1,3,0
43,7,12,63,8,2,0,9,52,9,10,11,5,8,10,1,1,1,2,1,0,0,0,0,6,7,7,10,6,8,8,5,1,3,0
32,3,0,35,6,1,0,7,27,4,5,11,6,9,2,2,1,1,2,0,0,0,0,0,6,7,7,10,6,8,8,5,1,3,0
47,6,5,59,17,5,8,30,28,6,9,3,6,3,11,1,0,2,1,2,0,0,0,0,5,3,6,13,13,5,3,9,4,1,0
76,15,5,98,33,9,8,50,47,5,6,9,5,8,10,1,1,2,2,0,0,0,0,0,5,3,6,13,13,5,3,9,4,1,1
29,9,8,46,10,5,8,24,23,8,4,3,9,10,0,1,4,0,0,1,0,1,0,0,5,3,6,13,13,5,3,9,4,1,0
41,8,11,61,21,4,0,25,34,8,4,3,4,5,11,1,1,1,2,1,0,0,0,0,5,3,6,13,13,5,3,9,4,1,0
40,6,7,54,14,6,4,23,30,6,9,10,5,6,11,1,1,2,0,2,0,0,0,1,7,4,5,7,17,10,8,4,3,0,0
64,5,9,77,15,6,10,30,49,8,4,3,4,9,11,1,1,2,1,1,0,0,0,1,7,4,5,7,17,10,8,4,3,0,1
44,7,4,55,23,1,8,32,24,5,8,10,5,9,2,2,0,1,2,1,0,0,0,1,7,4,5,7,17,10,8,4,3,0,0
56,3,5,64,2,12,8,23,43,3,9,10,3,4,5,1,1,1,2,1,0,0,0,1,7,4,5,7,17,10,8,4,3,0,0
38,5,2,44,9,2,4,16,29,6,3,11,9,10,11,2,1,2,0,1,0,0,0,1,3,5,8,7,10,6,7,3,4,1,0
48,8,6,62,11,1,8,21,42,5,8,10,4,5,11,1,2,0,1,2,0,0,0,1,3,5,8,7,10,6,7,3,4,1,0
45,14,9,66,24,4,0,27,38,5,6,12,8,4,3,0,1,1,3,1,0,0,0,1,3,5,8,7,10,6,7,3,4,1,1
43,12,0,54,23,6,0,30,24,6,9,3,4,8,10,4,0,0,1,1,0,0,0,1,3,5,8,7,10,6,7,3,4,1,0
59,15,16,89,28,10,0,38,53,6,9,10,8,10,0,2,2,0,0,2,0,1,0,1,6,3,9,10,8,14,9,3,3,3,1
56,12,1,70,26,6,8,41,29,5,8,10,8,4,3,1,2,1,1,1,0,0,0,1,6,3,9,10,8,14,9,3,3,3,0
44,10,8,62,18,6,8,32,31,5,6,11,5,9,10,1,2,2,0,1,0,0,0,1,6,3,9,10,8,14,9,3,3,3,0
61,16,11,87,24,6,3,35,53,4,9,11,6,4,3,1,1,2,1,1,0,0,0,1,6,3,9,10,8,14,9,3,3,3,0
44,5,5,55,11,1,9,21,33,5,4,10,6,3,11,3,1,1,1,0,0,0,0,0,3,3,10,10,4,5,5,6,3,1,0
44,4,9,55,9,3,0,12,43,5,8,10,4,9,11,1,2,1,1,1,0,0,0,0,3,3,10,10,4,5,5,6,3,1,1
47,6,5,56,10,7,0,17,42,6,9,3,8,10,0,1,1,1,1,1,1,0,0,0,3,3,10,10,4,5,5,6,3,1,0
54,2,2,56,3,4,8,16,41,5,6,11,8,4,3,2,1,1,1,1,0,0,0,0,3,3,10,10,4,5,5,6,3,1,0
65,15,12,90,23,5,12,39,51,5,6,11,8,3,0,1,0,2,1,1,1,0,0,1,6,5,12,14,20,12,11,4,2,3,0
98,21,16,132,47,15,10,70,61,6,9,3,5,8,10,1,1,2,2,0,0,0,0,1,6,5,12,14,20,12,11,4,2,3,1
61,18,7,87,33,5,0,38,48,9,10,11,4,8,10,1,2,1,1,1,0,0,0,1,6,5,12,14,20,12,11,4,2,3,0
76,11,8,94,37,19,0,56,38,5,9,10,8,4,3,1,1,1,2,1,0,0,0,1,6,5,12,14,20,12,11,4,2,3,0
69,17,5,92,33,11,0,44,47,6,9,10,8,10,0,1,1,0,3,1,0,1,0,1,3,7,9,12,14,9,9,3,2,1,0
56,4,16,74,14,7,4,24,52,5,6,11,5,9,10,2,1,0,1,2,0,0,0,1,3,7,9,12,14,9,9,3,2,1,1
30,2,7,40,5,4,4,13,26,6,4,3,9,11,0,1,1,1,1,1,0,0,1,1,3,7,9,12,14,9,9,3,2,1,0
48,4,5,56,7,10,9,24,32,5,8,10,4,9,2,2,0,2,0,2,0,0,0,1,3,7,9,12,14,9,9,3,2,1,0
50,6,3,57,13,1,0,15,43,5,8,10,6,3,12,1,2,1,1,1,0,0,0,0,4,6,6,8,4,8,6,4,2,0,0
34,7,2,44,13,3,0,15,28,5,6,11,8,10,0,1,1,1,1,1,1,0,0,0,4,6,6,8,4,8,6,4,2,0,0
36,3,1,39,6,1,4,12,27,6,9,10,4,9,11,1,2,1,2,0,0,0,0,0,4,6,6,8,4,8,6,4,2,0,0
55,7,9,71,19,2,4,25,47,5,9,10,6,4,3,1,1,2,1,1,0,0,0,0,4,6,6,8,4,8,6,4,2,0,1
43,9,13,62,19,6,0,24,41,5,8,10,9,10,11,1,2,2,1,0,0,0,0,2,4,5,5,5,9,5,3,6,4,1,1
32,5,11,47,14,1,0,14,31,4,5,11,6,9,3,1,2,1,1,1,0,0,0,2,4,5,5,5,9,5,3,6,4,1,0
31,1,4,38,5,11,0,15,20,5,6,9,8,4,3,0,2,1,1,2,0,0,0,2,4,5,5,5,9,5,3,6,4,1,0
29,5,5,41,10,9,0,18,21,6,3,11,5,8,10,1,1,0,3,1,0,0,0,2,4,5,5,5,9,5,3,6,4,1,0
47,6,1,55,10,9,0,19,37,4,6,9,8,4,3,2,1,1,1,1,0,0,0,3,0,4,7,6,9,8,8,2,4,3,0
62,10,9,80,16,2,4,22,58,5,6,9,4,5,11,1,1,0,2,2,0,0,0,3,0,4,7,6,9,8,8,2,4,3,1
40,12,2,56,13,3,4,19,34,5,8,10,4,11,0,1,1,1,0,3,0,1,0,3,0,4,7,6,9,8,8,2,4,3,0
48,7,6,60,13,2,5,19,42,5,9,10,8,4,3,1,2,1,1,1,0,0,0,3,0,4,7,6,9,8,8,2,4,3,0
58,8,7,73,13,5,13,31,42,8,4,3,5,10,0,2,2,0,0,1,0,0,1,3,4,8,8,11,23,12,3,5,3,4,0
86,14,4,106,32,10,8,50,55,4,8,10,6,4,11,2,0,1,1,2,0,0,0,3,4,8,8,11,23,12,3,5,3,4,0
63,18,9,89,38,5,0,42,46,6,9,3,5,9,10,1,1,2,2,0,0,0,0,3,4,8,8,11,23,12,3,5,3,4,0
61,7,9,80,11,7,11,29,49,5,6,11,9,10,2,2,1,2,1,0,0,0,0,3,4,8,8,11,23,12,3,5,3,4,1
90,16,14,122,38,7,8,54,70,5,8,10,4,9,11,2,1,1,2,0,0,0,0,2,8,10,7,14,18,10,15,7,6,2,0
71,17,17,104,31,7,12,50,55,6,9,2,6,9,12,1,2,1,0,2,0,0,0,2,8,10,7,14,18,10,15,7,6,2,0
91,9,14,115,26,21,9,56,60,6,4,3,5,6,11,1,1,1,2,1,0,0,0,2,8,10,7,14,18,10,15,7,6,2,1
85,12,11,105,20,9,8,37,70,5,9,10,8,4,3,2,1,1,1,1,0,0,0,2,8,10,7,14,18,10,15,7,6,2,0
48,6,2,56,16,4,4,22,34,5,8,10,4,9,11,1,1,1,2,1,0,0,0,1,2,4,9,14,14,6,8,4,3,2,0
34,5,5,44,15,1,8,23,20,6,3,11,8,4,3,0,2,1,2,1,0,0,0,1,2,4,9,14,14,6,8,4,3,2,0
71,8,3,81,18,12,12,42,40,6,9,3,5,9,10,2,1,2,1,0,0,0,0,1,2,4,9,14,14,6,8,4,3,2,1
39,4,6,48,10,0,13,23,25,4,8,10,9,10,2,1,1,1,2,1,0,0,0,1,2,4,9,14,14,6,8,4,3,2,0
45,9,3,57,16,8,5,29,28,6,3,11,3,10,11,1,0,2,0,3,0,0,0,1,6,4,6,10,13,8,5,6,3,2,0
39,6,10,56,12,7,4,23,33,5,9,10,9,10,2,1,1,2,2,0,0,0,0,1,6,4,6,10,13,8,5,6,3,2,0
56,17,2,75,34,2,10,45,28,5,8,10,6,9,3,1,3,1,0,1,0,0,0,1,6,4,6,10,13,8,5,6,3,2,0
58,15,14,87,18,2,24,45,42,4,8,10,5,6,11,0,1,2,2,1,0,0,0,1,6,4,6,10,13,8,5,6,3,2,1
44,5,2,50,9,4,11,24,27,5,8,10,3,4,11,1,1,1,2,1,0,0,0,4,3,6,7,3,9,7,8,4,4,1,0
39,4,1,44,10,2,4,17,28,6,4,3,8,4,0,1,2,1,0,1,1,0,0,4,3,6,7,3,9,7,8,4,4,1,0
24,5,4,35,11,1,0,12,22,6,9,10,3,11,0,1,2,1,1,0,0,0,1,4,3,6,7,3,9,7,8,4,4,1,0
60,15,5,78,28,5,0,32,47,5,9,10,8,10,11,2,1,3,0,0,0,0,0,4,3,6,7,3,9,7,8,4,4,1,1
55,9,8,69,11,7,17,36,35,5,8,10,6,3,11,0,2,3,0,1,0,0,0,4,5,3,13,12,13,4,10,6,4,4,0
93,4,7,102,10,19,10,39,63,5,6,11,9,10,2,1,1,1,1,2,0,0,0,4,5,3,13,12,13,4,10,6,4,4,1
49,12,5,66,25,2,4,32,35,6,9,3,8,4,3,2,3,0,1,0,0,0,0,4,5,3,13,12,13,4,10,6,4,4,0
55,18,17,89,33,2,4,39,50,5,9,10,4,8,10,2,0,0,2,2,0,0,0,4,5,3,13,12,13,4,10,6,4,4,0
62,9,0,70,10,6,4,20,49,8,4,3,4,9,11,2,2,1,0,1,0,0,0,1,4,6,7,7,5,6,7,5,7,1,0
58,4,1,65,10,2,4,15,48,5,8,10,8,4,3,1,1,1,2,1,0,0,0,1,4,6,7,7,5,6,7,5,7,1,0
37,5,6,48,12,0,9,20,27,5,9,10,6,2,0,0,2,1,1,2,0,1,0,1,4,6,7,7,5,6,7,5,7,1,0
52,7,8,66,6,1,14,21,45,6,9,3,5,6,11,1,1,1,2,1,0,0,0,1,4,6,7,7,5,6,7,5,7,1,1
46,15,1,64,28,0,0,30,34,5,6,9,8,10,0,1,2,0,1,1,0,0,1,1,1,1,7,12,5,11,6,1,4,1,0
64,14,4,82,31,4,0,36,48,5,8,4,6,3,11,2,1,1,1,1,0,0,0,1,1,1,7,12,5,11,6,1,4,1,1
44,11,3,61,18,1,0,20,42,5,9,10,6,11,12,1,0,1,2,2,0,0,0,1,1,1,7,12,5,11,6,1,4,1,0
45,12,2,60,16,5,0,22,38,8,4,3,4,6,9,1,2,1,1,1,0,0,0,1,1,1,7,12,5,11,6,1,4,1,0
33,4,7,44,9,4,0,13,31,4,6,11,6,2,0,0,3,0,1,2,0,1,0,1,5,7,11,8,14,6,7,10,1,2,0
50,4,10,64,9,5,12,26,38,5,6,11,5,10,2,1,2,0,1,2,0,0,0,1,5,7,11,8,14,6,7,10,1,2,0
48,5,2,52,9,9,4,23,32,4,8,10,6,9,3,1,2,2,1,0,0,0,0,1,5,7,11,8,14,6,7,10,1,2,0
62,10,15,88,24,10,9,44,45,5,9,10,9,10,11,1,2,1,1,1,0,0,0,1,5,7,11,8,14,6,7,10,1,2,1
59,7,4,71,22,5,8,35,35,4,8,10,9,10,2,0,1,1,2,2,0,0,0,0,2,5,6,11,8,18,10,7,4,1,0
55,7,5,68,22,3,0,25,42,5,8,10,6,3,11,1,1,2,1,1,0,0,0,0,2,5,6,11,8,18,10,7,4,1,0
48,12,2,62,23,2,0,25,35,8,4,0,5,6,12,1,1,1,3,0,0,1,0,0,2,5,6,11,8,18,10,7,4,1,0
72,17,15,106,42,8,0,51,55,6,9,3,5,9,10,2,1,1,1,1,0,0,0,0,2,5,6,11,8,18,10,7,4,1,1
53,7,6,65,8,5,10,24,42,5,9,10,3,10,11,1,2,1,0,2,0,0,0,0,3,3,6,12,7,8,4,8,1,1,1
37,3,4,44,9,5,0,14,29,5,8,10,4,9,11,1,1,1,2,1,0,0,0,0,3,3,6,12,7,8,4,8,1,1,0
40,9,5,54,24,3,0,28,28,6,9,3,8,4,3,2,1,1,1,1,0,0,0,0,3,3,6,12,7,8,4,8,1,1,0
53,5,3,61,18,1,4,24,37,4,8,10,5,6,11,0,2,1,2,1,0,0,0,0,3,3,6,12,7,8,4,8,1,1,0
57,16,8,82,29,6,6,41,40,4,8,10,3,10,11,1,2,1,2,0,0,0,0,4,3,6,1,8,12,18,11,2,5,0,0
78,17,13,109,34,5,12,52,57,6,9,3,5,6,11,1,1,1,2,1,0,0,0,4,3,6,1,8,12,18,11,2,5,0,1
79,11,1,91,30,11,4,44,46,8,4,3,9,10,2,2,1,1,0,2,0,0,0,4,3,6,1,8,12,18,11,2,5,0,0
41,3,4,48,8,2,4,15,35,5,8,10,5,9,10,2,2,2,0,0,0,0,0,4,3,6,1,8,12,18,11,2,5,0,0
59,15,0,73,28,1,0,28,43,5,9,10,3,9,11,0,2,2,1,1,0,0,0,1,3,3,5,4,4,5,7,5,5,1,0
23,13,2,38,15,1,0,16,21,8,10,3,6,2,0,2,0,0,2,1,1,0,0,1,3,3,5,4,4,5,7,5,5,1,0
57,7,3,65,11,3,0,13,52,5,9,10,5,6,11,1,2,1,0,2,0,0,0,1,3,3,5,4,4,5,7,5,5,1,1
27,6,1,33,9,1,0,10,24,6,4,3,8,4,3,1,2,1,2,0,0,0,0,1,3,3,5,4,4,5,7,5,5,1,0
64,11,5,77,18,4,8,30,49,8,4,0,5,9,10,2,1,1,1,0,1,0,0,2,3,4,8,5,6,9,11,4,6,0,0
48,8,10,67,12,3,4,18,50,5,8,10,6,3,12,1,1,1,2,1,0,0,0,2,3,4,8,5,6,9,11,4,6,0,1
43,9,2,53,16,3,3,23,31,5,6,11,8,10,0,0,0,2,2,2,0,1,0,2,3,4,8,5,6,9,11,4,6,0,0
43,6,0,49,14,7,4,26,23,6,4,3,6,9,10,1,2,1,1,1,0,0,0,2,3,4,8,5,6,9,11,4,6,0,0
28,8,5,41,14,3,0,18,24,5,6,11,5,0,0,1,0,1,0,3,0,1,0,3,5,8,8,5,18,4,9,8,2,1,0
44,3,13,61,3,10,13,26,34,5,8,10,4,9,11,2,1,1,0,2,0,0,0,3,5,8,8,5,18,4,9,8,2,1,0
65,12,8,85,25,7,8,40,44,5,9,10,8,4,3,2,2,1,1,0,0,0,0,3,5,8,8,5,18,4,9,8,2,1,1
55,8,4,66,19,5,0,23,42,6,9,3,3,4,11,1,1,1,3,0,0,0,0,3,5,8,8,5,18,4,9,8,2,1,0
58,17,4,80,22,3,14,39,39,8,10,3,3,9,11,1,0,1,3,1,0,0,0,0,1,0,12,8,14,14,11,4,2,3,1
35,11,8,52,16,2,-1,18,36,9,4,2,6,4,11,2,1,2,0,1,0,0,0,0,1,0,12,8,14,14,11,4,2,3,0
64,17,4,86,32,6,8,47,39,6,4,3,5,8,10,1,2,0,1,2,0,0,0,0,1,0,12,8,14,14,11,4,2,3,0
59,11,3,74,29,8,4,41,34,4,5,11,5,9,10,2,1,1,1,1,0,0,0,0,1,0,12,8,14,14,11,4,2,3,0
51,4,9,64,4,14,4,21,42,5,8,10,4,9,2,2,1,1,1,1,0,0,0,3,3,5,7,10,16,13,8,5,7,2,0
59,10,5,73,24,6,5,37,37,6,4,3,8,10,0,1,2,1,1,0,0,0,1,3,3,5,7,10,16,13,8,5,7,2,0
62,9,20,88,28,6,0,33,56,6,9,10,8,3,0,1,2,1,1,0,0,0,0,3,3,5,7,10,16,13,8,5,7,2,1
73,14,6,94,33,4,18,53,39,5,9,10,5,6,11,1,0,2,1,2,0,0,0,3,3,5,7,10,16,13,8,5,7,2,0
53,10,6,70,22,3,0,24,46,6,9,3,8,4,3,1,1,1,1,2,0,0,0,3,7,4,6,9,7,6,4,1,0,2,1
46,6,3,54,10,6,0,14,40,5,6,9,5,8,10,2,2,1,1,0,0,0,0,3,7,4,6,9,7,6,4,1,0,2,0
20,3,3,24,8,0,4,10,14,9,10,11,6,11,12,1,1,2,0,2,0,0,0,3,7,4,6,9,7,6,4,1,0,2,0
30,6,3,40,11,0,4,15,24,5,8,10,6,2,0,1,1,1,3,0,0,1,0,3,7,4,6,9,7,6,4,1,0,2,0
62,9,10,80,17,13,0,30,51,6,9,3,4,9,11,0,2,2,1,1,0,0,0,2,5,6,8,6,9,8,9,6,3,1,0
47,8,4,61,16,7,0,23,36,6,11,3,5,8,10,2,1,1,1,1,0,0,0,2,5,6,8,6,9,8,9,6,3,1,0
64,12,16,90,26,3,10,39,51,4,8,10,5,6,11,0,1,2,2,1,0,0,0,2,5,6,8,6,9,8,9,6,3,1,1
38,10,2,51,17,5,5,27,23,9,10,0,8,4,3,3,1,0,2,0,0,1,0,2,5,6,8,6,9,8,9,6,3,1,0
35,9,8,52,14,0,4,18,33,5,8,10,9,10,0,2,1,1,1,1,0,1,0,0,3,4,5,10,8,13,5,3,4,7,0
50,3,3,57,9,6,4,18,38,5,6,9,8,4,3,2,1,1,1,1,0,0,0,0,3,4,5,10,8,13,5,3,4,7,1
62,13,4,78,25,3,9,36,42,5,8,10,6,11,12,1,1,1,2,1,0,0,0,0,3,4,5,10,8,13,5,3,4,7,0
36,12,0,47,23,2,0,25,24,6,2,0,4,9,11,1,3,0,1,1,0,1,0,0,3,4,5,10,8,13,5,3,4,7,0
25,6,2,32,13,0,0,13,19,8,4,3,9,12,0,0,2,0,1,3,0,1,0,1,2,2,9,4,10,7,6,6,3,1,0
37,2,3,40,7,4,4,15,24,5,9,10,4,9,11,3,1,1,1,0,0,0,0,1,2,2,9,4,10,7,6,6,3,1,0
47,7,6,60,13,3,4,20,39,8,10,0,5,6,11,1,1,0,3,1,0,1,0,1,2,2,9,4,10,7,6,6,3,1,1
37,4,3,43,7,5,0,12,31,6,9,3,4,8,10,2,1,1,1,1,0,0,0,1,2,2,9,4,10,7,6,6,3,1,0
59,7,6,71,14,6,5,25,47,4,8,10,9,10,11,1,2,1,1,1,0,0,0,3,6,7,8,16,10,16,5,4,3,1,0
50,6,3,58,22,2,0,24,35,5,9,10,6,3,11,2,1,1,2,0,0,0,0,3,6,7,8,16,10,16,5,4,3,1,0
75,9,8,89,28,2,12,42,49,4,9,3,5,6,12,1,1,1,2,1,0,0,0,3,6,7,8,16,10,16,5,4,3,1,1
87,19,2,108,45,5,12,61,46,6,3,0,8,4,3,3,0,0,2,1,0,1,0,3,6,7,8,16,10,16,5,4,3,1,0
42,14,18,76,25,4,5,33,40,5,6,9,5,8,10,0,3,0,2,1,0,0,0,3,9,6,5,8,9,6,5,3,2,5,1
59,6,1,67,17,9,4,31,36,8,4,3,6,9,3,1,1,2,0,2,0,0,0,3,9,6,5,8,9,6,5,3,2,5,0
38,3,3,45,9,3,0,12,33,4,8,10,9,10,2,1,1,1,2,1,0,0,0,3,9,6,5,8,9,6,5,3,2,5,0
45,1,6,50,4,12,9,25,26,6,3,11,4,9,11,1,2,1,0,2,0,0,0,3,9,6,5,8,9,6,5,3,2,5,0
51,6,15,73,22,9,4,35,39,6,9,10,4,9,11,0,2,0,2,2,0,0,0,2,7,5,7,9,12,7,8,8,8,1,0
64,14,8,88,39,7,0,47,41,5,6,11,6,4,3,2,1,0,2,1,0,0,0,2,7,5,7,9,12,7,8,8,8,1,1
57,4,15,74,16,10,0,25,49,8,4,3,5,9,10,1,2,2,1,0,0,0,0,2,7,5,7,9,12,7,8,8,8,1,0
56,6,9,71,17,11,0,27,43,5,8,10,8,10,0,2,2,1,1,0,0,1,0,2,7,5,7,9,12,7,8,8,8,1,0
44,8,6,59,19,3,4,26,32,6,9,10,8,4,0,2,1,2,0,1,0,1,0,0,3,6,8,10,19,16,9,2,5,2,0
34,7,15,57,17,3,0,20,36,5,9,10,6,3,12,1,1,1,2,1,0,0,0,0,3,6,8,10,19,16,9,2,5,2,0
70,6,4,80,13,16,16,44,36,5,8,10,6,4,3,2,1,1,2,0,0,0,0,0,3,6,8,10,19,16,9,2,5,2,0
61,10,8,80,22,11,6,39,42,8,10,0,5,6,11,0,1,1,1,2,0,0,1,0,3,6,8,10,19,16,9,2,5,2,1
29,3,6,39,6,2,4,12,26,6,4,3,4,11,0,1,1,1,1,1,0,0,1,4,5,2,8,10,14,8,9,6,6,0,0
67,5,18,92,17,4,30,50,40,6,9,10,5,10,9,0,2,0,3,1,0,0,0,4,5,2,8,10,14,8,9,6,6,0,0
53,5,8,65,7,7,13,26,38,5,6,11,8,10,3,2,1,1,1,1,0,0,0,4,5,2,8,10,14,8,9,6,6,0,0
82,9,6,96,24,15,9,48,49,5,8,10,4,9,11,2,1,1,1,1,0,0,0,4,5,2,8,10,14,8,9,6,6,0,1
36,10,2,49,22,0,8,30,19,5,9,10,6,3,11,2,0,0,2,2,0,0,0,2,6,5,10,8,10,6,3,5,3,0,0
71,12,8,93,23,5,5,33,58,5,8,10,6,9,3,0,3,1,1,1,0,0,0,2,6,5,10,8,10,6,3,5,3,0,1
34,2,7,42,7,4,0,10,33,8,4,3,9,10,11,1,2,1,1,1,0,0,0,2,6,5,10,8,10,6,3,5,3,0,0
51,4,4,59,9,7,5,21,39,4,8,10,5,6,11,2,1,2,1,0,0,0,0,2,6,5,10,8,10,6,3,5,3,0,0
30,16,1,48,21,3,4,27,20,5,6,9,6,3,11,1,2,0,2,1,0,0,0,1,2,1,9,5,2,9,5,2,1,1,0
41,9,0,50,11,4,0,16,35,5,8,4,8,4,3,2,2,1,0,1,0,0,0,1,2,1,9,5,2,9,5,2,1,1,1
46,11,2,59,20,0,0,19,40,5,8,10,9,10,0,1,1,3,0,1,0,1,0,1,2,1,9,5,2,9,5,2,1,1,0
23,10,5,38,13,1,-1,14,24,6,9,3,4,9,11,0,1,1,3,1,0,0,0,1,2,1,9,5,2,9,5,2,1,1,0
55,9,11,75,17,5,0,23,53,5,9,10,3,9,11,0,2,1,1,2,0,0,0,1,3,7,6,15,6,13,8,3,5,4,0
69,7,6,83,20,8,5,33,49,5,9,10,5,6,12,2,1,1,1,1,0,0,0,1,3,7,6,15,6,13,8,3,5,4,0
82,5,17,103,15,13,0,28,77,6,4,3,4,5,11,1,1,1,1,2,0,0,0,1,3,7,6,15,6,13,8,3,5,4,1
54,12,3,69,16,1,0,18,52,8,10,0,4,8,10,1,2,1,1,0,1,0,0,1,3,7,6,15,6,13,8,3,5,4,0
45,4,8,58,13,0,4,17,41,5,9,10,8,4,3,1,1,1,2,1,0,0,0,2,2,4,7,10,17,8,4,9,7,1,0
55,11,9,73,23,4,5,32,43,5,8,10,8,4,3,1,3,1,1,0,0,0,0,2,2,4,7,10,17,8,4,9,7,1,0
72,17,4,93,33,9,0,42,53,5,6,9,6,2,0,3,0,1,1,1,0,1,0,2,2,4,7,10,17,8,4,9,7,1,1
69,8,3,81,16,5,10,31,49,6,9,4,6,3,11,2,1,1,1,1,0,0,0,2,2,4,7,10,17,8,4,9,7,1,0
51,4,4,58,10,5,14,29,30,5,8,10,6,2,0,0,1,1,1,2,1,0,0,6,2,3,10,7,11,9,5,2,1,2,0
43,4,18,65,7,9,5,20,44,5,6,9,8,4,3,1,2,1,2,0,0,0,0,6,2,3,10,7,11,9,5,2,1,2,1
19,4,0,22,8,3,4,15,8,4,9,11,6,3,11,1,3,1,0,1,0,0,0,6,2,3,10,7,11,9,5,2,1,2,0
38,6,9,53,13,6,0,19,35,6,9,3,5,8,10,2,0,2,1,1,0,0,0,6,2,3,10,7,11,9,5,2,1,2,0
38,5,9,52,14,2,4,19,32,5,9,10,6,2,0,1,0,2,2,1,0,1,0,1,3,5,8,7,9,9,14,5,2,1,0
68,11,16,95,31,5,13,49,48,6,4,3,6,9,10,1,2,1,0,2,0,0,0,1,3,5,8,7,9,9,14,5,2,1,0
60,6,2,69,17,11,8,37,31,9,4,2,3,9,11,1,1,2,1,1,0,0,0,1,3,5,8,7,9,9,14,5,2,1,0
66,3,4,75,12,9,9,30,43,8,4,3,5,8,10,1,2,2,0,1,0,0,0,1,3,5,8,7,9,9,14,5,2,1,1
53,8,3,63,18,2,5,24,39,6,9,3,6,3,11,3,1,2,0,0,0,0,0,0,5,6,7,7,13,4,10,11,2,2,0
39,2,10,50,8,11,5,24,26,5,6,9,4,5,11,1,1,1,1,2,0,0,0,0,5,6,7,7,13,4,10,11,2,2,0
59,10,15,85,17,8,9,33,51,9,10,0,5,8,10,0,1,0,4,1,0,1,0,0,5,6,7,7,13,4,10,11,2,2,1
54,6,3,64,13,8,0,21,42,5,10,0,8,4,3,1,1,1,0,2,0,0,1,0,5,6,7,7,13,4,10,11,2,2,0
52,7,3,63,14,10,4,28,33,5,6,11,9,4,2,1,1,1,2,1,0,0,0,4,2,4,2,8,14,10,8,5,5,0,0
67,5,12,83,11,8,16,35,50,5,9,10,6,4,11,2,1,1,0,2,0,0,0,4,2,4,2,8,14,10,8,5,5,0,1
54,4,3,60,5,5,8,19,43,5,9,10,3,9,11,1,1,1,1,2,0,0,0,4,2,4,2,8,14,10,8,5,5,0,0
40,7,7,53,16,0,7,23,30,8,10,0,8,10,0,0,3,0,0,1,1,0,1,4,2,4,2,8,14,10,8,5,5,0,0
60,15,5,80,24,4,6,34,47,4,8,10,6,2,0,2,1,1,1,0,1,0,0,1,0,4,8,11,10,6,5,8,4,0,1
46,13,9,69,21,4,9,34,34,5,8,10,6,4,3,0,2,1,2,1,0,0,0,1,0,4,8,11,10,6,5,8,4,0,0
71,11,5,88,26,8,8,42,45,5,6,11,9,10,11,0,2,0,1,3,0,0,0,1,0,4,8,11,10,6,5,8,4,0,0
31,7,9,47,10,0,14,24,22,6,11,12,6,9,3,2,2,1,1,0,0,0,0,1,0,4,8,11,10,6,5,8,4,0,0
87,17,12,115,43,15,4,62,53,5,6,9,6,3,11,0,1,1,2,2,0,0,0,4,5,6,5,12,20,10,11,11,2,5,0
48,9,16,72,15,8,8,32,39,8,4,3,9,10,11,2,1,1,1,1,0,0,0,4,5,6,5,12,20,10,11,11,2,5,0
79,19,7,102,47,8,4,59,44,6,9,3,5,8,10,3,1,0,1,1,0,0,0,4,5,6,5,12,20,10,11,11,2,5,1
55,13,4,75,29,0,4,33,41,8,4,3,4,5,11,2,1,1,1,1,0,0,0,4,5,6,5,12,20,10,11,11,2,5,0
47,10,2,56,25,4,0,28,28,5,8,10,9,10,2,2,0,1,1,2,0,0,0,0,3,3,7,6,7,6,5,8,1,4,0
55,6,11,73,15,8,0,24,49,5,8,10,4,9,11,1,1,1,1,2,0,0,0,0,3,3,7,6,7,6,5,8,1,4,1
28,4,5,37,4,0,4,8,27,8,4,3,6,3,11,0,2,0,2,2,0,0,0,0,3,3,7,6,7,6,5,8,1,4,0
46,2,4,53,5,4,6,16,38,5,6,9,8,4,3,1,2,1,2,0,0,0,0,0,3,3,7,6,7,6,5,8,1,4,0
35,6,6,48,11,6,0,17,31,5,8,10,8,4,0,0,2,1,1,1,1,0,0,3,6,5,9,13,14,4,10,3,2,2,0
53,8,4,65,18,7,4,28,36,5,9,10,6,11,0,1,1,1,1,1,0,0,1,3,6,5,9,13,14,4,10,3,2,2,0
44,9,10,65,13,4,1,18,47,4,9,11,9,10,0,0,2,0,3,1,0,1,0,3,6,5,9,13,14,4,10,3,2,2,1
70,7,6,84,14,3,33,50,33,6,4,3,6,4,3,2,0,1,2,1,0,0,0,3,6,5,9,13,14,4,10,3,2,2,0
31,12,2,44,23,1,0,24,23,5,9,10,8,4,0,0,2,2,0,2,0,1,0,1,4,5,6,11,5,11,4,2,1,0,0
61,7,11,81,19,4,-1,24,55,8,10,0,8,10,3,1,1,0,1,2,0,0,1,1,4,5,6,11,5,11,4,2,1,0,1
43,6,4,52,14,2,5,22,32,5,6,11,4,9,2,2,1,1,1,1,0,0,0,1,4,5,6,11,5,11,4,2,1,0,0
38,7,0,44,15,2,4,23,22,5,9,10,6,4,3,2,2,1,1,0,0,0,0,1,4,5,6,11,5,11,4,2,1,0,0
73,9,13,94,23,8,5,35,58,5,8,10,8,4,3,0,1,1,2,2,0,0,0,0,6,7,7,10,6,8,8,5,1,3,1
67,10,1,79,28,9,0,36,42,5,6,9,6,3,11,1,3,0,1,1,0,0,0,0,6,7,7,10,6,8,8,5,1,3,0
42,7,12,60,7,2,0,9,53,9,10,11,5,8,10,1,1,1,2,1,0,0,0,0,6,7,7,10,6,8,8,5,1,3,0
31,3,-1,34,6,1,0,7,27,4,5,11,6,9,2,2,1,1,2,0,0,0,0,0,6,7,7,10,6,8,8,5,1,3,0
46,6,5,60,17,5,7,30,28,6,9,3,6,3,11,1,0,2,1,2,0,0,0,0,5,3,6,13,13,5,3,9,4,1,0
78,15,5,96,33,9,8,49,47,5,6,9,5,8,10,1,1,2,2,0,0,0,0,0,5,3,6,13,13,5,3,9,4,1,1
30,9,7,46,10,5,7,23,22,8,4,3,9,10,0,1,4,0,0,1,0,1,0,0,5,3,6,13,13,5,3,9,4,1,0
41,8,11,59,22,4,0,26,34,8,4,3,4,5,11,1,1,1,2,1,0,0,0,0,5,3,6,13,13,5,3,9,4,1,0
40,6,7,54,14,6,3,24,31,6,9,10,5,6,11,1,1,2,0,2,0,0,0,1,7,4,5,7,17,10,8,4,3,0,0
65,5,9,78,14,6,10,32,47,8,4,3,4,9,11,1,1,2,1,1,0,0,0,1,7,4,5,7,17,10,8,4,3,0,1
44,7,4,54,22,1,8,31,24,5,8,10,5,9,2,2,0,1,2,1,0,0,0,1,7,4,5,7,17,10,8,4,3,0,0
58,3,5,65,2,12,8,23,44,3,9,10,3,4,5,1,1,1,2,1,0,0,0,1,7,4,5,7,17,10,8,4,3,0,0
37,5,2,47,10,2,4,16,29,6,3,11,9,10,11,2,1,2,0,1,0,0,0,1,3,5,8,7,10,6,7,3,4,1,0
48,8,6,62,12,1,8,21,42,5,8,10,4,5,11,1,2,0,1,2,0,0,0,1,3,5,8,7,10,6,7,3,4,1,0
44,14,9,68,24,4,0,29,39,5,6,12,8,4,3,0,1,1,3,1,0,0,0,1,3,5,8,7,10,6,7,3,4,1,1
42,12,0,53,24,6,0,31,24,6,9,3,4,8,10,4,0,0,1,1,0,0,0,1,3,5,8,7,10,6,7,3,4,1,0
60,15,16,90,28,10,0,37,54,6,9,10,8,10,0,2,2,0,0,2,0,1,0,1,6,3,9,10,8,14,9,3,3,3,1
57,12,1,70,25,5,8,40,30,5,8,10,8,4,3,1,2,1,1,1,0,0,0,1,6,3,9,10,8,14,9,3,3,3,0
43,10,8,63,18,6,7,32,31,5,6,11,5,9,10,1,2,2,0,1,0,0,0,1,6,3,9,10,8,14,9,3,3,3,0
61,16,11,88,25,6,4,35,53,4,9,11,6,4,3,1,1,2,1,1,0,0,0,1,6,3,9,10,8,14,9,3,3,3,0
44,5,5,54,11,1,9,21,32,5,4,10,6,3,11,3,1,1,1,0,0,0,0,0,3,3,10,10,4,5,5,6,3,1,0
41,4,9,54,8,3,0,10,43,5,8,10,4,9,11,1,2,1,1,1,0,0,0,0,3,3,10,10,4,5,5,6,3,1,1
48,6,5,57,10,7,0,17,41,6,9,3,8,10,0,1,1,1,1,1,1,0,0,0,3,3,10,10,4,5,5,6,3,1,0
52,2,2,58,4,4,8,15,40,5,6,11,8,4,3,2,1,1,1,1,0,0,0,0,3,3,10,10,4,5,5,6,3,1,0
63,15,12,92,24,5,12,41,51,5,6,11,8,3,0,1,0,2,1,1,1,0,0,1,6,5,12,14,20,12,11,4,2,3,0
98,21,15,133,47,15,10,72,61,6,9,3,5,8,10,1,1,2,2,0,0,0,0,1,6,5,12,14,20,12,11,4,2,3,1
61,18,7,86,34,5,0,38,48,9,10,11,4,8,10,1,2,1,1,1,0,0,0,1,6,5,12,14,20,12,11,4,2,3,0
74,11,9,94,37,19,0,56,38,5,9,10,8,4,3,1,1,1,2,1,0,0,0,1,6,5,12,14,20,12,11,4,2,3,0
71,17,5,92,33,11,0,45,48,6,9,10,8,10,0,1,1,0,3,1,0,1,0,1,3,7,9,12,14,9,9,3,2,1,0
56,4,16,76,14,7,4,23,51,5,6,11,5,9,10,2,1,0,1,2,0,0,0,1,3,7,9,12,14,9,9,3,2,1,1
31,2,7,41,5,4,4,13,26,6,4,3,9,11,0,1,1,1,1,1,0,0,1,1,3,7,9,12,14,9,9,3,2,1,0
48,4,5,57,5,10,9,25,31,5,8,10,4,9,2,2,0,2,0,2,0,0,0,1,3,7,9,12,14,9,9,3,2,1,0
50,6,3,57,13,1,1,14,44,5,8,10,6,3,12,1,2,1,1,1,0,0,0,0,4,6,6,8,4,8,6,4,2,0,0
36,7,2,43,13,3,0,17,28,5,6,11,8,10,0,1,1,1,1,1,1,0,0,0,4,6,6,8,4,8,6,4,2,0,0
35,2,1,39,6,1,4,10,27,6,9,10,4,9,11,1,2,1,2,0,0,0,0,0,4,6,6,8,4,8,6,4,2,0,0
57,7,9,72,17,2,4,24,47,5,9,10,6,4,3,1,1,2,1,1,0,0,0,0,4,6,6,8,4,8,6,4,2,0,1
43,9,13,64,19,6,0,25,42,5,8,10,9,10,11,1,2,2,1,0,0,0,0,2,4,5,5,5,9,5,3,6,4,1,1
32,5,11,48,15,1,0,16,31,4,5,11,6,9,3,1,2,1,1,1,0,0,0,2,4,5,5,5,9,5,3,6,4,1,0
30,1,4,37,5,11,0,15,21,5,6,9,8,4,3,0,2,1,1,2,0,0,0,2,4,5,5,5,9,5,3,6,4,1,0
31,5,5,39,10,9,0,19,21,6,3,11,5,8,10,1,1,0,3,1,0,0,0,2,4,5,5,5,9,5,3,6,4,1,0
49,6,1,53,10,9,0,20,36,4,6,9,8,4,3,2,1,1,1,1,0,0,0,3,0,4,7,6,9,8,8,2,4,3,0
60,10,9,81,16,2,4,22,59,5,6,9,4,5,11,1,1,0,2,2,0,0,0,3,0,4,7,6,9,8,8,2,4,3,1
40,12,2,54,12,3,4,19,36,5,8,10,4,11,0,1,1,1,0,3,0,1,0,3,0,4,7,6,9,8,8,2,4,3,0
46,7,6,62,13,2,5,20,41,5,9,10,8,4,3,1,2,1,1,1,0,0,0,3,0,4,7,6,9,8,8,2,4,3,0
58,8,7,71,14,5,13,31,41,8,4,3,5,10,0,2,2,0,0,1,0,0,1,3,4,8,8,11,23,12,3,5,3,4,0
88,14,4,106,32,10,7,51,55,4,8,10,6,4,11,2,0,1,1,2,0,0,0,3,4,8,8,11,23,12,3,5,3,4,0
62,18,9,87,37,5,0,42,46,6,9,3,5,9,10,1,1,2,2,0,0,0,0,3,4,8,8,11,23,12,3,5,3,4,0
61,7,9,78,11,7,11,27,49,5,6,11,9,10,2,2,1,2,1,0,0,0,0,3,4,8,8,11,23,12,3,5,3,4,1
93,16,14,122,39,7,8,53,68,5,8,10,4,9,11,2,1,1,2,0,0,0,0,2,8,10,7,14,18,10,15,7,6,2,0
70,17,17,104,32,7,12,49,56,6,9,2,6,9,12,1,2,1,0,2,0,0,0,2,8,10,7,14,18,10,15,7,6,2,0
91,9,14,115,27,21,9,55,59,6,4,3,5,6,11,1,1,1,2,1,0,0,0,2,8,10,7,14,18,10,15,7,6,2,1
84,12,11,108,20,9,8,35,70,5,9,10,8,4,3,2,1,1,1,1,0,0,0,2,8,10,7,14,18,10,15,7,6,2,0
49,6,2,57,15,4,4,23,34,5,8,10,4,9,11,1,1,1,2,1,0,0,0,1,2,4,9,14,14,6,8,4,3,2,0
34,5,5,45,14,0,8,23,21,6,3,11,8,4,3,0,2,1,2,1,0,0,0,1,2,4,9,14,14,6,8,4,3,2,0
69,8,3,84,19,12,12,42,40,6,9,3,5,9,10,2,1,2,1,0,0,0,0,1,2,4,9,14,14,6,8,4,3,2,1
38,4,6,46,9,0,13,24,25,4,8,10,9,10,2,1,1,1,2,1,0,0,0,1,2,4,9,14,14,6,8,4,3,2,0
45,9,3,60,17,8,5,30,29,6,3,11,3,10,11,1,0,2,0,3,0,0,0,1,6,4,6,10,13,8,5,6,3,2,0
40,6,10,55,11,7,4,24,32,5,9,10,9,10,2,1,1,2,2,0,0,0,0,1,6,4,6,10,13,8,5,6,3,2,0
56,17,2,74,34,2,10,45,29,5,8,10,6,9,3,1,3,1,0,1,0,0,0,1,6,4,6,10,13,8,5,6,3,2,0
58,14,14,86,19,2,25,45,41,4,8,10,5,6,11,0,1,2,2,1,0,0,0,1,6,4,6,10,13,8,5,6,3,2,1
43,5,2,50,9,4,11,23,26,5,8,10,3,4,11,1,1,1,2,1,0,0,0,4,3,6,7,3,9,7,8,4,4,1,0
38,4,2,45,10,2,4,16,28,6,4,3,8,4,0,1,2,1,0,1,1,0,0,4,3,6,7,3,9,7,8,4,4,1,0
25,5,4,34,11,1,0,12,21,6,9,10,3,11,0,1,2,1,1,0,0,0,1,4,3,6,7,3,9,7,8,4,4,1,0
60,15,5,80,27,5,0,32,47,5,9,10,8,10,11,2,1,3,0,0,0,0,0,4,3,6,7,3,9,7,8,4,4,1,1
52,9,8,69,10,7,17,35,35,5,8,10,6,3,11,0,2,3,0,1,0,0,0,4,5,3,13,12,13,4,10,6,4,4,0
92,4,6,102,10,19,10,39,62,5,6,11,9,10,2,1,1,1,1,2,0,0,0,4,5,3,13,12,13,4,10,6,4,4,1
50,12,5,66,26,1,4,31,36,6,9,3,8,4,3,2,3,0,1,0,0,0,0,4,5,3,13,12,13,4,10,6,4,4,0
54,18,17,90,33,2,4,40,50,5,9,10,4,8,10,2,0,0,2,2,0,0,0,4,5,3,13,12,13,4,10,6,4,4,0
61,9,0,71,11,6,4,21,49,8,4,3,4,9,11,2,2,1,0,1,0,0,0,1,4,6,7,7,5,6,7,5,7,1,0
58,4,1,64,10,2,4,15,48,5,8,10,8,4,3,1,1,1,2,1,0,0,0,1,4,6,7,7,5,6,7,5,7,1,0
37,5,6,45,13,0,9,21,26,5,9,10,6,2,0,0,2,1,1,2,0,1,0,1,4,6,7,7,5,6,7,5,7,1,0
50,7,8,66,6,1,14,21,46,6,9,3,5,6,11,1,1,1,2,1,0,0,0,1,4,6,7,7,5,6,7,5,7,1,1
49,15,1,63,29,0,0,30,35,5,6,9,8,10,0,1,2,0,1,1,0,0,1,1,1,1,7,12,5,11,6,1,4,1,0
64,13,4,82,31,4,0,35,47,5,8,4,6,3,11,2,1,1,1,1,0,0,0,1,1,1,7,12,5,11,6,1,4,1,1
46,11,3,62,17,1,0,19,42,5,9,10,6,11,12,1,0,1,2,2,0,0,0,1,1,1,7,12,5,11,6,1,4,1,0
46,12,2,59,16,5,0,21,39,8,4,3,4,6,9,1,2,1,1,1,0,0,0,1,1,1,7,12,5,11,6,1,4,1,0
33,4,7,45,9,4,0,13,32,4,6,11,6,2,0,0,3,0,1,2,0,1,0,1,5,7,11,8,14,6,7,10,1,2,0
51,4,10,66,10,5,12,27,38,5,6,11,5,10,2,1,2,0,1,2,0,0,0,1,5,7,11,8,14,6,7,10,1,2,0
47,5,2,52,9,9,4,22,33,4,8,10,6,9,3,1,2,2,1,0,0,0,0,1,5,7,11,8,14,6,7,10,1,2,0
64,10,15,88,25,10,9,45,44,5,9,10,9,10,11,1,2,1,1,1,0,0,0,1,5,7,11,8,14,6,7,10,1,2,1
59,7,4,69,22,5,8,34,34,4,8,10,9,10,2,0,1,1,2,2,0,0,0,0,2,5,6,11,8,18,10,7,4,1,0
55,7,5,67,23,3,0,25,42,5,8,10,6,3,11,1,1,2,1,1,0,0,0,0,2,5,6,11,8,18,10,7,4,1,0
47,12,2,61,23,2,0,25,37,8,4,0,5,6,12,1,1,1,3,0,0,1,0,0,2,5,6,11,8,18,10,7,4,1,0
71,17,15,105,42,8,0,49,56,6,9,3,5,9,10,2,1,1,1,1,0,0,0,0,2,5,6,11,8,18,10,7,4,1,1
51,7,6,64,7,5,10,23,41,5,9,10,3,10,11,1,2,1,0,2,0,0,0,0,3,3,6,12,7,8,4,8,1,1,1
38,3,4,44,9,5,0,13,30,5,8,10,4,9,11,1,1,1,2,1,0,0,0,0,3,3,6,12,7,8,4,8,1,1,0
42,9,5,54,24,3,0,27,28,6,9,3,8,4,3,2,1,1,1,1,0,0,0,0,3,3,6,12,7,8,4,8,1,1,0
53,5,3,60,19,1,4,23,37,4,8,10,5,6,11,0,2,1,2,1,0,0,0,0,3,3,6,12,7,8,4,8,1,1,0
57,16,8,82,29,6,6,41,39,4,8,10,3,10,11,1,2,1,2,0,0,0,0,4,3,6,1,8,12,18,11,2,5,0,0
78,17,13,107,35,5,11,53,55,6,9,3,5,6,11,1,1,1,2,1,0,0,0,4,3,6,1,8,12,18,11,2,5,0,1
81,11,1,92,30,11,4,46,46,8,4,3,9,10,2,2,1,1,0,2,0,0,0,4,3,6,1,8,12,18,11,2,5,0,0
42,3,4,48,8,2,4,14,34,5,8,10,5,9,10,2,2,2,0,0,0,0,0,4,3,6,1,8,12,18,11,2,5,0,0
59,14,0,71,27,1,0,29,44,5,9,10,3,9,11,0,2,2,1,1,0,0,0,1,3,3,5,4,4,5,7,5,5,1,0
21,13,2,36,14,0,0,16,21,8,10,3,6,2,0,2,0,0,2,1,1,0,0,1,3,3,5,4,4,5,7,5,5,1,0
55,7,3,67,11,3,0,15,53,5,9,10,5,6,11,1,2,1,0,2,0,0,0,1,3,3,5,4,4,5,7,5,5,1,1
28,6,1,34,9,1,-1,10,25,6,4,3,8,4,3,1,2,1,2,0,0,0,0,1,3,3,5,4,4,5,7,5,5,1,0
61,11,5,78,17,4,8,29,49,8,4,0,5,9,10,2,1,1,1,0,1,0,0,2,3,4,8,5,6,9,11,4,6,0,0
49,8,10,68,12,3,4,19,49,5,8,10,6,3,12,1,1,1,2,1,0,0,0,2,3,4,8,5,6,9,11,4,6,0,1
43,9,2,55,16,3,4,23,30,5,6,11,8,10,0,0,0,2,2,2,0,1,0,2,3,4,8,5,6,9,11,4,6,0,0
42,6,0,49,16,7,4,25,24,6,4,3,6,9,10,1,2,1,1,1,0,0,0,2,3,4,8,5,6,9,11,4,6,0,0
29,8,5,40,14,3,0,16,24,5,6,11,5,0,0,1,0,1,0,3,0,1,0,3,5,8,8,5,18,4,9,8,2,1,0
45,3,13,61,3,10,13,26,35,5,8,10,4,9,11,2,1,1,0,2,0,0,0,3,5,8,8,5,18,4,9,8,2,1,0
65,12,8,87,25,7,8,40,46,5,9,10,8,4,3,2,2,1,1,0,0,0,0,3,5,8,8,5,18,4,9,8,2,1,1
56,8,3,67,18,5,0,24,42,6,9,3,3,4,11,1,1,1,3,0,0,0,0,3,5,8,8,5,18,4,9,8,2,1,0
58,17,4,79,22,3,14,40,39,8,10,3,3,9,11,1,0,1,3,1,0,0,0,0,1,0,12,8,14,14,11,4,2,3,1
33,11,8,52,16,2,0,18,34,9,4,2,6,4,11,2,1,2,0,1,0,0,0,0,1,0,12,8,14,14,11,4,2,3,0
65,17,4,84,32,6,8,46,40,6,4,3,5,8,10,1,2,0,1,2,0,0,0,0,1,0,12,8,14,14,11,4,2,3,0
60,11,3,75,30,8,4,40,34,4,5,11,5,9,10,2,1,1,1,1,0,0,0,0,1,0,12,8,14,14,11,4,2,3,0
49,4,9,63,2,14,4,21,42,5,8,10,4,9,2,2,1,1,1,1,0,0,0,3,3,5,7,10,16,13,8,5,7,2,0
59,10,5,75,26,6,5,37,38,6,4,3,8,10,0,1,2,1,1,0,0,0,1,3,3,5,7,10,16,13,8,5,7,2,0
60,9,20,91,28,6,0,34,56,6,9,10,8,3,0,1,2,1,1,0,0,0,0,3,3,5,7,10,16,13,8,5,7,2,1
72,14,6,92,32,4,18,54,39,5,9,10,5,6,11,1,0,2,1,2,0,0,0,3,3,5,7,10,16,13,8,5,7,2,0
55,10,6,71,22,3,0,24,45,6,9,3,8,4,3,1,1,1,1,2,0,0,0,3,7,4,6,9,7,6,4,1,0,2,1
47,5,3,54,9,6,0,14,40,5,6,9,5,8,10,2,2,1,1,0,0,0,0,3,7,4,6,9,7,6,4,1,0,2,0
18,3,3,25,7,0,4,11,14,9,10,11,6,11,12,1,1,2,0,2,0,0,0,3,7,4,6,9,7,6,4,1,0,2,0
30,6,3,39,11,0,4,15,24,5,8,10,6,2,0,1,1,1,3,0,0,1,0,3,7,4,6,9,7,6,4,1,0,2,0
61,9,10,83,16,13,0,30,51,6,9,3,4,9,11,0,2,2,1,1,0,0,0,2,5,6,8,6,9,8,9,6,3,1,0
47,8,4,62,16,7,0,23,37,6,11,3,5,8,10,2,1,1,1,1,0,0,0,2,5,6,8,6,9,8,9,6,3,1,0
63,12,16,92,26,3,10,40,52,4,8,10,5,6,11,0,1,2,2,1,0,0,0,2,5,6,8,6,9,8,9,6,3,1,1
37,10,2,50,16,5,5,27,23,9,10,0,8,4,3,3,1,0,2,0,0,1,0,2,5,6,8,6,9,8,9,6,3,1,0
35,9,8,53,14,0,4,19,34,5,8,10,9,10,0,2,1,1,1,1,0,1,0,0,3,4,5,10,8,13,5,3,4,7,0
49,3,3,57,9,6,4,18,37,5,6,9,8,4,3,2,1,1,1,1,0,0,0,0,3,4,5,10,8,13,5,3,4,7,1
62,13,4,79,25,3,9,37,42,5,8,10,6,11,12,1,1,1,2,1,0,0,0,0,3,4,5,10,8,13,5,3,4,7,0
35,12,0,49,22,2,0,24,24,6,2,0,4,9,11,1,3,0,1,1,0,1,0,0,3,4,5,10,8,13,5,3,4,7,0
24,6,1,32,13,0,0,13,19,8,4,3,9,12,0,0,2,0,1,3,0,1,0,1,2,2,9,4,10,7,6,6,3,1,0
35,2,3,41,8,4,4,16,25,5,9,10,4,9,11,3,1,1,1,0,0,0,0,1,2,2,9,4,10,7,6,6,3,1,0
46,7,6,60,13,3,4,20,39,8,10,0,5,6,11,1,1,0,3,1,0,1,0,1,2,2,9,4,10,7,6,6,3,1,1
38,4,3,44,9,5,0,13,31,6,9,3,4,8,10,2,1,1,1,1,0,0,0,1,2,2,9,4,10,7,6,6,3,1,0
58,8,6,72,14,6,5,26,45,4,8,10,9,10,11,1,2,1,1,1,0,0,0,3,6,7,8,16,10,16,5,4,3,1,0
49,6,3,58,22,2,-1,25,35,5,9,10,6,3,11,2,1,1,2,0,0,0,0,3,6,7,8,16,10,16,5,4,3,1,0
75,9,8,91,28,2,12,42,50,4,9,3,5,6,12,1,1,1,2,1,0,0,0,3,6,7,8,16,10,16,5,4,3,1,1
88,19,2,107,46,5,12,62,46,6,3,0,8,4,3,3,0,0,2,1,0,1,0,3,6,7,8,16,10,16,5,4,3,1,0
41,14,18,74,24,4,5,34,41,5,6,9,5,8,10,0,3,0,2,1,0,0,0,3,9,6,5,8,9,6,5,3,2,5,1
59,6,1,67,17,9,4,30,35,8,4,3,6,9,3,1,1,2,0,2,0,0,0,3,9,6,5,8,9,6,5,3,2,5,0
38,3,3,45,9,3,0,12,34,4,8,10,9,10,2,1,1,1,2,1,0,0,0,3,9,6,5,8,9,6,5,3,2,5,0
43,1,6,52,3,12,9,24,26,6,3,11,4,9,11,1,2,1,0,2,0,0,0,3,9,6,5,8,9,6,5,3,2,5,0
51,6,15,73,21,9,4,34,39,6,9,10,4,9,11,0,2,0,2,2,0,0,0,2,7,5,7,9,12,7,8,8,8,1,0
64,14,8,88,39,7,0,44,41,5,6,11,6,4,3,2,1,0,2,1,0,0,0,2,7,5,7,9,12,7,8,8,8,1,1
55,4,15,74,16,10,0,26,49,8,4,3,5,9,10,1,2,2,1,0,0,0,0,2,7,5,7,9,12,7,8,8,8,1,0
55,6,9,70,16,11,0,27,43,5,8,10,8,10,0,2,2,1,1,0,0,1,0,2,7,5,7,9,12,7,8,8,8,1,0
44,8,6,59,20,3,4,27,32,6,9,10,8,4,0,2,1,2,0,1,0,1,0,0,3,6,8,10,19,16,9,2,5,2,0
33,7,15,57,17,3,0,20,35,5,9,10,6,3,12,1,1,1,2,1,0,0,0,0,3,6,8,10,19,16,9,2,5,2,0
70,6,4,80,12,16,16,43,36,5,8,10,6,4,3,2,1,1,2,0,0,0,0,0,3,6,8,10,19,16,9,2,5,2,0
61,10,8,80,21,11,6,38,42,8,10,0,5,6,11,0,1,1,1,2,0,0,1,0,3,6,8,10,19,16,9,2,5,2,1
29,3,6,36,6,2,4,11,26,6,4,3,4,11,0,1,1,1,1,1,0,0,1,4,5,2,8,10,14,8,9,6,6,0,0
67,5,18,91,17,4,30,51,41,6,9,10,5,10,9,0,2,0,3,1,0,0,0,4,5,2,8,10,14,8,9,6,6,0,0
51,5,8,66,6,7,13,26,39,5,6,11,8,10,3,2,1,1,1,1,0,0,0,4,5,2,8,10,14,8,9,6,6,0,0
82,9,6,98,25,15,9,49,49,5,8,10,4,9,11,2,1,1,1,1,0,0,0,4,5,2,8,10,14,8,9,6,6,0,1
36,10,2,49,22,0,8,30,19,5,9,10,6,3,11,2,0,0,2,2,0,0,0,2,6,5,10,8,10,6,3,5,3,0,0
71,12,8,91,23,5,5,33,58,5,8,10,6,9,3,0,3,1,1,1,0,0,0,2,6,5,10,8,10,6,3,5,3,0,1
35,2,7,43,5,4,0,9,33,8,4,3,9,10,11,1,2,1,1,1,0,0,0,2,6,5,10,8,10,6,3,5,3,0,0
51,4,5,59,9,7,5,21,39,4,8,10,5,6,11,2,1,2,1,0,0,0,0,2,6,5,10,8,10,6,3,5,3,0,0
32,16,1,49,21,3,4,28,19,5,6,9,6,3,11,1,2,0,2,1,0,0,0,1,2,1,9,5,2,9,5,2,1,1,0
40,9,0,50,11,4,0,15,35,5,8,4,8,4,3,2,2,1,0,1,0,0,0,1,2,1,9,5,2,9,5,2,1,1,1
46,11,2,59,20,0,0,20,38,5,8,10,9,10,0,1,1,3,0,1,0,1,0,1,2,1,9,5,2,9,5,2,1,1,0
24,10,5,37,13,1,0,14,24,6,9,3,4,9,11,0,1,1,3,1,0,0,0,1,2,1,9,5,2,9,5,2,1,1,0
53,9,11,73,18,5,0,24,52,5,9,10,3,9,11,0,2,1,1,2,0,0,0,1,3,7,6,15,6,13,8,3,5,4,0
68,7,6,83,19,8,4,33,50,5,9,10,5,6,12,2,1,1,1,1,0,0,0,1,3,7,6,15,6,13,8,3,5,4,0
83,5,17,105,15,13,0,28,77,6,4,3,4,5,11,1,1,1,1,2,0,0,0,1,3,7,6,15,6,13,8,3,5,4,1
55,12,3,69,16,1,0,17,51,8,10,0,4,8,10,1,2,1,1,0,1,0,0,1,3,7,6,15,6,13,8,3,5,4,0
46,4,8,59,13,0,4,16,40,5,9,10,8,4,3,1,1,1,2,1,0,0,0,2,2,4,7,10,17,8,4,9,7,1,0
55,11,9,75,22,4,5,32,43,5,8,10,8,4,3,1,3,1,1,0,0,0,0,2,2,4,7,10,17,8,4,9,7,1,0
72,17,3,94,33,9,0,42,52,5,6,9,6,2,0,3,0,1,1,1,0,1,0,2,2,4,7,10,17,8,4,9,7,1,1
68,8,3,80,15,5,10,30,49,6,9,4,6,3,11,2,1,1,1,1,0,0,0,2,2,4,7,10,17,8,4,9,7,1,0
51,4,4,59,10,5,13,28,30,5,8,10,6,2,0,0,1,1,1,2,1,0,0,6,2,3,10,7,11,9,5,2,1,2,0
43,4,18,64,8,9,5,21,45,5,6,9,8,4,3,1,2,1,2,0,0,0,0,6,2,3,10,7,11,9,5,2,1,2,1
19,4,0,24,8,3,4,15,8,4,9,11,6,3,11,1,3,1,0,1,0,0,0,6,2,3,10,7,11,9,5,2,1,2,0
39,6,9,54,14,6,0,19,35,6,9,3,5,8,10,2,0,2,1,1,0,0,0,6,2,3,10,7,11,9,5,2,1,2,0
38,5,9,52,14,2,4,19,31,5,9,10,6,2,0,1,0,2,2,1,0,1,0,1,3,5,8,7,9,9,14,5,2,1,0
68,11,16,95,31,5,13,50,45,6,4,3,6,9,10,1,2,1,0,2,0,0,0,1,3,5,8,7,9,9,14,5,2,1,0
60,6,2,66,19,11,8,37,30,9,4,2,3,9,11,1,1,2,1,1,0,0,0,1,3,5,8,7,9,9,14,5,2,1,0
67,3,4,74,11,9,9,30,44,8,4,3,5,8,10,1,2,2,0,1,0,0,0,1,3,5,8,7,9,9,14,5,2,1,1
53,7,3,63,18,2,5,24,39,6,9,3,6,3,11,3,1,2,0,0,0,0,0,0,5,6,7,7,13,4,10,11,2,2,0
40,3,10,49,8,11,4,23,27,5,6,9,4,5,11,1,1,1,1,2,0,0,0,0,5,6,7,7,13,4,10,11,2,2,0
60,10,16,83,17,8,9,34,51,9,10,0,5,8,10,0,1,0,4,1,0,1,0,0,5,6,7,7,13,4,10,11,2,2,1
54,6,3,64,13,8,0,21,41,5,10,0,8,4,3,1,1,1,0,2,0,0,1,0,5,6,7,7,13,4,10,11,2,2,0
52,7,3,60,15,10,4,27,33,5,6,11,9,4,2,1,1,1,2,1,0,0,0,4,2,4,2,8,14,10,8,5,5,0,0
67,6,12,86,11,8,16,35,48,5,9,10,6,4,11,2,1,1,0,2,0,0,0,4,2,4,2,8,14,10,8,5,5,0,1
52,4,4,60,5,5,8,17,44,5,9,10,3,9,11,1,1,1,1,2,0,0,0,4,2,4,2,8,14,10,8,5,5,0,0
39,7,7,52,16,0,8,24,30,8,10,0,8,10,0,0,3,0,0,1,1,0,1,4,2,4,2,8,14,10,8,5,5,0,0
59,15,5,79,23,4,5,34,47,4,8,10,6,2,0,2,1,1,1,0,1,0,0,1,0,4,8,11,10,6,5,8,4,0,1
47,13,9,70,21,4,9,34,36,5,8,10,6,4,3,0,2,1,2,1,0,0,0,1,0,4,8,11,10,6,5,8,4,0,0
71,11,5,87,25,8,8,42,44,5,6,11,9,10,11,0,2,0,1,3,0,0,0,1,0,4,8,11,10,6,5,8,4,0,0
32,7,9,46,10,0,14,23,22,6,11,12,6,9,3,2,2,1,1,0,0,0,0,1,0,4,8,11,10,6,5,8,4,0,0
86,17,12,115,42,15,4,62,52,5,6,9,6,3,11,0,1,1,2,2,0,0,0,4,5,6,5,12,20,10,11,11,2,5,0
47,9,16,72,17,8,8,32,40,8,4,3,9,10,11,2,1,1,1,1,0,0,0,4,5,6,5,12,20,10,11,11,2,5,0
78,19,7,104,47,8,4,58,44,6,9,3,5,8,10,3,1,0,1,1,0,0,0,4,5,6,5,12,20,10,11,11,2,5,1
54,13,4,74,29,0,4,33,40,8,4,3,4,5,11,2,1,1,1,1,0,0,0,4,5,6,5,12,20,10,11,11,2,5,0
46,10,2,58,26,4,0,29,30,5,8,10,9,10,2,2,0,1,1,2,0,0,0,0,3,3,7,6,7,6,5,8,1,4,0
56,7,11,72,15,8,0,24,49,5,8,10,4,9,11,1,1,1,1,2,0,0,0,0,3,3,7,6,7,6,5,8,1,4,1
25,4,5,35,4,0,4,7,27,8,4,3,6,3,11,0,2,0,2,2,0,0,0,0,3,3,7,6,7,6,5,8,1,4,0
48,2,4,53,5,4,6,13,38,5,6,9,8,4,3,1,2,1,2,0,0,0,0,0,3,3,7,6,7,6,5,8,1,4,0
36,6,6,47,11,6,0,17,31,5,8,10,8,4,0,0,2,1,1,1,1,0,0,3,6,5,9,13,14,4,10,3,2,2,0
53,8,4,64,19,7,4,29,36,5,9,10,6,11,0,1,1,1,1,1,0,0,1,3,6,5,9,13,14,4,10,3,2,2,0
46,9,10,65,14,4,0,17,46,4,9,11,9,10,0,0,2,0,3,1,0,1,0,3,6,5,9,13,14,4,10,3,2,2,1
72,7,6,83,14,3,33,49,34,6,4,3,6,4,3,2,0,1,2,1,0,0,0,3,6,5,9,13,14,4,10,3,2,2,0
32,12,2,46,22,1,0,26,22,5,9,10,8,4,0,0,2,2,0,2,0,1,0,1,4,5,6,11,5,11,4,2,1,0,0
61,7,11,78,19,4,0,23,56,8,10,0,8,10,3,1,1,0,1,2,0,0,1,1,4,5,6,11,5,11,4,2,1,0,1
43,6,4,53,14,2,6,21,33,5,6,11,4,9,2,2,1,1,1,1,0,0,0,1,4,5,6,11,5,11,4,2,1,0,0
36,7,0,43,16,2,4,22,21,5,9,10,6,4,3,2,2,1,1,0,0,0,0,1,4,5,6,11,5,11,4,2,1,0,0
73,9,13,95,22,8,4,34,58,5,8,10,8,4,3,0,1,1,2,2,0,0,0,0,6,7,7,10,6,8,8,5,1,3,1
66,10,1,79,29,9,0,37,40,5,6,9,6,3,11,1,3,0,1,1,0,0,0,0,6,7,7,10,6,8,8,5,1,3,0
43,7,12,60,8,2,0,9,53,9,10,11,5,8,10,1,1,1,2,1,0,0,0,0,6,7,7,10,6,8,8,5,1,3,0
31,3,0,33,6,1,0,7,27,4,5,11,6,9,2,2,1,1,2,0,0,0,0,0,6,7,7,10,6,8,8,5,1,3,0
47,6,5,57,17,5,8,30,28,6,9,3,6,3,11,1,0,2,1,2,0,0,0,0,5,3,6,13,13,5,3,9,4,1,0
77,15,5,96,33,9,7,50,47,5,6,9,5,8,10,1,1,2,2,0,0,0,0,0,5,3,6,13,13,5,3,9,4,1,1
30,9,8,46,10,5,7,23,22,8,4,3,9,10,0,1,4,0,0,1,0,1,0,0,5,3,6,13,13,5,3,9,4,1,0
41,8,11,59,22,4,0,25,34,8,4,3,4,5,11,1,1,1,2,1,0,0,0,0,5,3,6,13,13,5,3,9,4,1,0
41,6,7,53,14,6,4,24,30,6,9,10,5,6,11,1,1,2,0,2,0,0,0,1,7,4,5,7,17,10,8,4,3,0,0
63,5,9,77,14,6,10,30,47,8,4,3,4,9,11,1,1,2,1,1,0,0,0,1,7,4,5,7,17,10,8,4,3,0,1
44,7,4,55,22,1,7,30,23,5,8,10,5,9,2,2,0,1,2,1,0,0,0,1,7,4,5,7,17,10,8,4,3,0,0
57,3,5,65,2,12,8,22,43,3,9,10,3,4,5,1,1,1,2,1,0,0,0,1,7,4,5,7,17,10,8,4,3,0,0